{"alarm clock": [0.4685013641561647, 0.27811487696473636, 0.5938916894771176], "armchair": [0.9989624656105637, 0.9583179882095794, 0.39655635592206373], "backpack": [0.9574057782748431, 0.35645165574393445, 0.5937043817962221], "bag": [0.04274819381540551, 0.5251964608873265, 0.27560054966438297], "ball": [0.772194739660653, 0.2794882512035326, 0.7705369608253654], "bar": [0.6713152590721575, 0.9648199855820833, 0.6505967755798013], "basket": [0.03696045680609039, 0.47445070864849015, 0.7873084292513892], "bathroom cabinet": [0.6389505141198558, 0.18289330514138658, 0.6575096891620523], "bathroom counter": [0.04590618516085998, 0.014630798637722986, 0.2789201322007888], "bathroom stall": [0.2572529575786717, 0.9912956590770188, 0.7145884915537242], "bathroom stall door": [0.32975128934697695, 0.7975816130201748, 0.25749420771103115], "bathroom vanity": [0.5717461372207029, 0.10014933712418628, 0.2397740113132819], "bathtub": [0.4769999714030312, 0.11877176179426785, 0.7692508076977215], "bed": [0.6765990548134889, 0.9808435407474613, 0.7408659297075951], "bench": [0.3706491876890178, 0.5802826429044483, 0.32589379990260336], "bicycle": [0.3287605119530851, 0.5865682849115068, 0.43998651854587845], "bin": [0.15693738655166456, 0.8535531617338482, 0.16106175943399426], "blackboard": [0.08399276014271506, 0.0988994721430877, 0.4468821750497298], "blanket": [0.6302756022266625, 0.7936906981134955, 0.2810016671327029], "blinds": [0.492516381586278, 0.08203253305936142, 0.4302020138339361], "board": [0.981523624439248, 0.08219311307396615, 0.10636424299572289], "book": [0.18807420507498784, 0.5818556116585772, 0.08347785244970751], "bookshelf": [0.6115482886159549, 0.8682368850577501, 0.06075579205321735], "bottle": [0.5205653554524406, 0.6982431658569694, 0.8676432101456409], "bowl": [0.2597894781930843, 0.45401666733458146, 0.983982697454063], "box": [0.9445196890482261, 0.11651992470052963, 0.37999599870507006], "broom": [0.5420256837088865, 0.16598706149301556, 0.07928119189491012], "bucket": [0.6839548607182704, 0.438940384987593, 0.3997389014826649], "bulletin board": [0.9970810577554269, 0.006571366867431316, 0.5362057542412445], "cabinet": [0.6115059152587323, 0.8856431999115066, 0.8662810974587073], "calendar": [0.8502225283066546, 0.005489144026090131, 0.28984097304576306], "candle": [0.2293720394172184, 0.9703468006661671, 0.8931355209625529], "cart": [0.8687978089609383, 0.32973992841624034, 0.5044916027705973], "case of water bottles": [0.957020831340021, 0.4839038461072179, 0.5830373010695928], "cd case": [0.32164398040175546, 0.9567504440993456, 0.9153825368279309], "ceiling": [0.12817188246545785, 0.8658207902241468, 0.26678690615856027], "ceiling light": [0.7252311312507147, 0.10292737647556438, 0.387617270238402], "chair": [0.47807068571061273, 0.6743613892129477, 0.3135749185752288], "clock": [0.18018067876654764, 0.7597085219835917, 0.34677453610024156], "closet": [0.9287314308191955, 0.5635425971042116, 0.07518085819949127], "closet door": [0.29018778287839353, 0.44934518407992596, 0.12599074809054311], "closet rod": [0.4581710747266461, 0.08773894207812971, 0.7636003712302469], "closet wall": [0.6510972948098317, 0.8033788073687537, 0.16549665761644194], "clothes": [0.4272334192647823, 0.9019439273381615, 0.2370333957960179], "clothes dryer": [0.6935219649031236, 0.12858376567815977, 0.8586235288253199], "coat rack": [0.7511168989137935, 0.5334270828890009, 0.8582265595609213], "coffee kettle": [0.2597080958242115, 0.6518044338404623, 0.5401968686320878], "coffee maker": [0.37432618321637645, 0.27665900640228924, 0.035437467342423146], "coffee table": [0.7557910990925123, 0.5147135621865458, 0.6132736119469946], "column": [0.8899855172386608, 0.4463446424837827, 0.8169877137737568], "computer tower": [0.8163938933349495, 0.43383547305672554, 0.2839219044369321], "container": [0.9586830994601666, 0.0351608887872249, 0.9570304181513691], "copier": [0.45203602680151256, 0.9627325465624829, 0.5245976838075886], "couch": [0.5776208167787041, 0.9968541239110447, 0.14515090068546344], "counter": [0.8991684238764367, 0.9681839574488807, 0.12979689314705056], "crate": [0.0923965675111792, 0.010484734262068529, 0.045114620607502376], "cup": [0.873855062293409, 0.9703502735747782, 0.4700117472210532], "curtain": [0.6634254483781703, 0.6069738472438989, 0.32468266863399387], "cushion": [0.671047029024545, 0.7386596233237768, 0.6220788149421586], "decoration": [0.2938610598148429, 0.04999948068760751, 0.10283016490148256], "desk": [0.30937774735866863, 0.38885765170099107, 0.9370134094868152], "dining table": [0.49431922393813243, 0.9952061189313627, 0.3681481118021297], "dish rack": [0.6293620521154916, 0.6224617722838119, 0.740853210785282], "dishwasher": [0.8991558708241081, 0.711742277886401, 0.7533771388676895], "divider": [0.6288173359809089, 0.0664673008007427, 0.09103178241204624], "door": [0.27404554783110013, 0.8344143558589582, 0.28578427746544033], "doorframe": [0.34530156194143813, 0.2691727511054566, 0.5717621450010791], "dresser": [0.3525215846711841, 0.011990142144484572, 0.9306379311248532], "dumbbell": [0.37942929051710816, 0.6439484880952097, 0.3601282534999679], "dustpan": [0.13464111756519204, 0.4545779782080126, 0.4667613255733196], "end table": [0.028728284232772072, 0.8141984519302847, 0.35322885303600027], "fan": [0.054383584478918334, 0.15043713865892083, 0.8695227775433708], "file cabinet": [0.4842278538635413, 0.18153768764867217, 0.37209990862620823], "fire alarm": [0.14795279830969543, 0.5947845430390882, 0.47096741227044003], "fire extinguisher": [0.29243459918406456, 0.7599928275156114, 0.2610423702107221], "fireplace": [0.9855622504443645, 0.8334490178292576, 0.9809135874887426], "floor": [0.6646355289438833, 0.9332744996380808, 0.4113142530886299], "folded chair": [0.6141976056459204, 0.494995440317775, 0.4150625549658825], "furniture": [0.2764119590935693, 0.9111884598398701, 0.5291051802576561], "guitar": [0.8939240064335624, 0.6049077495151348, 0.03064276551729206], "guitar case": [0.5757629875739833, 0.5006628264634543, 0.3061737233450327], "hair dryer": [0.9722417947691981, 0.5257081791790305, 0.13129470782273023], "handicap bar": [0.8193642762488128, 0.42947987979583246, 0.5635054173243649], "hat": [0.15118680678043217, 0.22795165386184613, 0.2689846858433984], "headphones": [0.03931454587808203, 0.7875165438511793, 0.5299453578380662], "ironing board": [0.7812795628301653, 0.28106460281825574, 0.8734228752282489], "jacket": [0.840842008458289, 0.17121453312748192, 0.9504515489418796], "keyboard": [0.06190815916511139, 0.651873741571264, 0.8999907473514148], "keyboard piano": [0.18353839319094667, 0.8976122015587944, 0.5350281870036444], "kitchen cabinet": [0.5591236615748495, 0.9739669399406671, 0.9036791694780876], "kitchen counter": [0.8082889587175842, 0.4174691969683695, 0.8283916086384149], "ladder": [0.5939616592122339, 0.5400407921525764, 0.7733661586273951], "lamp": [0.5543714176118505, 0.03749193704874254, 0.6260725329926599], "laptop": [0.05299402267240494, 0.849615337708576, 0.4911101042500715], "laundry basket": [0.8599128189349142, 0.13943494175572912, 0.37119898581608657], "laundry detergent": [0.5881277478492153, 0.4487498269795157, 0.7378427997642384], "laundry hamper": [0.61738817464213, 0.18768253914260502, 0.8858285605093958], "ledge": [0.26301668332578354, 0.12794235627396422, 0.18958963392805228], "light": [0.19505029392844664, 0.6200432126497015, 0.45498902808016906], "light switch": [0.4334679264972303, 0.36679092611219843, 0.9564277556587298], "luggage": [0.08702785921736611, 0.34338438692479734, 0.5555494001756374], "machine": [0.8540268358431463, 0.1863030350279502, 0.24242387371657048], "mailbox": [0.6247642598288431, 0.6650031250255466, 0.65572837466233], "mat": [0.4944359306285341, 0.8038651253312875, 0.21979158501821916], "mattress": [0.46487785834082807, 0.4652005017007794, 0.1156975846638304], "microwave": [0.4111538317448542, 0.5880957839374179, 0.5063050105284136],